{"cameraMode":{"drawMode":0,"name":"Shaded","section":"Shading Mode"},"sceneLighting":false,"audioPlay":false,"sceneViewState":{"showFog":true,"showMaterialUpdate":true,"showSkybox":true,"showFlares":true,"showImageEffects":true,"showParticleSystems":true},"in2DMode":false,"pivot":{"x":600.8134765625,"y":143.43057250976563,"z":271.1996765136719},"rotation":{"x":-0.0931115597486496,"y":-0.6400876045227051,"z":0.08068892359733582,"w":-0.7604793906211853},"size":16.959796905517579,"orthographic":false}