{"cameraMode":{"drawMode":0,"name":"Shaded","section":"Shading Mode"},"sceneLighting":true,"audioPlay":false,"sceneViewState":{"showFog":true,"showMaterialUpdate":false,"showSkybox":true,"showFlares":true,"showImageEffects":true,"showParticleSystems":true},"in2DMode":false,"pivot":{"x":585.1714477539063,"y":116.68367004394531,"z":344.42425537109377},"rotation":{"x":-0.05346278101205826,"y":-0.9349972009658814,"z":0.16031569242477418,"w":-0.3118141293525696},"size":38.03947830200195,"orthographic":false}